{
  "_fv": 60,
  "_type": "tool",
  "definition": {
    "toolType": "Spade",
    "renderType": 0,
    "blockingRenderType": 0,
    "texture": "bloob_wood_shovel",
    "customModelName": "Normal",
    "blockingModelName": "Normal blocking",
    "name": "Bloob_wood Shovel",
    "specialInformation": {
      "fixedValue": []
    },
    "creativeTab": {
      "value": "CUSTOM:OtherWorldItems"
    },
    "harvestLevel": 2,
    "efficiency": 6.0,
    "attackSpeed": 1.0,
    "enchantability": 14,
    "damageVsEntity": 2.0,
    "usageCount": 250,
    "blocksAffected": [],
    "repairItems": [
      {
        "value": "CUSTOM:BloobPlanks"
      }
    ],
    "immuneToFire": false,
    "stayInGridWhenCrafting": false,
    "damageOnCrafting": false
  }
}