{
  "_fv": 60,
  "_type": "biome",
  "definition": {
    "name": "M",
    "groundBlock": {
      "value": "CUSTOM:BurnedGrass"
    },
    "undergroundBlock": {
      "value": "CUSTOM:Dirt"
    },
    "airColor": {
      "value": -6710887,
      "falpha": 0.0
    },
    "ambientSound": {
      "value": ""
    },
    "additionsSound": {
      "value": ""
    },
    "music": {
      "value": ""
    },
    "moodSound": {
      "value": ""
    },
    "moodSoundDelay": 6000,
    "spawnParticles": false,
    "particleToSpawn": {
      "value": "CUSTOM:PortalParticle"
    },
    "particlesProbability": 0.5,
    "rainingPossibility": 0.0,
    "temperature": 2.0,
    "spawnBiome": false,
    "spawnInCaves": false,
    "spawnBiomeNether": false,
    "genTemperature": {
      "min": 0.6,
      "max": 1.4
    },
    "genHumidity": {
      "min": -1.4,
      "max": -0.6
    },
    "genContinentalness": {
      "min": 0.15000000000000002,
      "max": 0.9500000000000001
    },
    "genErosion": {
      "min": 0.4999999999999999,
      "max": 1.2999999999999998
    },
    "genWeirdness": {
      "min": 0.04240683781959731,
      "max": 0.8424068378195974
    },
    "treesPerChunk": 5,
    "vanillaTreeType": "Big trees",
    "treeType": 1,
    "minHeight": 6,
    "treeStem": {
      "value": "CUSTOM:BloobLog"
    },
    "treeBranch": {
      "value": "CUSTOM:BloobLeaves"
    },
    "treeVines": {
      "value": "Blocks.AIR"
    },
    "treeFruits": {
      "value": "Blocks.AIR"
    },
    "defaultFeatures": [
      "Caves",
      "Ores",
      "FrozenTopLayer",
      "Caves",
      "Caves",
      "Caves",
      "Caves",
      "Caves",
      "Caves",
      "Caves",
      "Caves",
      "Caves",
      "Caves",
      "Caves",
      "Caves",
      "Caves",
      "Caves",
      "Caves",
      "Caves",
      "Caves",
      "Caves",
      "Caves",
      "Caves",
      "Caves",
      "Caves",
      "Caves",
      "Caves",
      "Caves",
      "Caves",
      "Caves",
      "Caves",
      "Caves",
      "ForestGrass"
    ],
    "spawnStronghold": false,
    "spawnMineshaft": false,
    "spawnMineshaftMesa": false,
    "spawnPillagerOutpost": false,
    "villageType": "none",
    "spawnWoodlandMansion": false,
    "spawnJungleTemple": false,
    "spawnDesertPyramid": false,
    "spawnSwampHut": false,
    "spawnIgloo": false,
    "spawnOceanMonument": false,
    "spawnShipwreck": false,
    "spawnShipwreckBeached": false,
    "spawnBuriedTreasure": false,
    "oceanRuinType": "NONE",
    "spawnNetherBridge": false,
    "spawnNetherFossil": false,
    "spawnBastionRemnant": false,
    "spawnEndCity": false,
    "spawnRuinedPortal": "NONE",
    "spawnEntries": []
  }
}