{
  "_fv": 60,
  "_type": "fluid",
  "definition": {
    "name": "Neon",
    "bucketName": "Neon Bucket",
    "textureStill": "water",
    "textureFlowing": "water",
    "tintType": "No tint",
    "canMultiply": false,
    "flowRate": 2,
    "levelDecrease": 1,
    "slopeFindDistance": 10,
    "spawnParticles": false,
    "dripParticle": {
      "value": "CUSTOM:PortalParticle"
    },
    "flowStrength": 2.5,
    "luminosity": 5,
    "density": 1100,
    "viscosity": 1050,
    "temperature": 300,
    "type": "WATER",
    "generateBucket": true,
    "textureBucket": "bucket",
    "creativeTab": {
      "value": "CUSTOM:OtherWorldItems"
    },
    "emptySound": {
      "value": ""
    },
    "rarity": "COMMON",
    "specialInformation": {
      "fixedValue": []
    },
    "resistance": 100.0,
    "luminance": 15,
    "lightOpacity": 5,
    "emissiveRendering": false,
    "tickRate": 10,
    "flammability": 0,
    "fireSpreadSpeed": 0,
    "colorOnMap": "DEFAULT"
  }
}