{
  "_fv": 60,
  "_type": "dimension",
  "definition": {
    "biomesInDimension": [
      {
        "value": "CUSTOM:M"
      }
    ],
    "worldGenType": "Normal world gen",
    "mainFillerBlock": {
      "value": "CUSTOM:GrimStone"
    },
    "fluidBlock": {
      "value": "CUSTOM:Neon"
    },
    "canRespawnHere": false,
    "hasFog": true,
    "isDark": false,
    "doesWaterVaporize": false,
    "sleepResult": "ALLOW",
    "hasSkyLight": true,
    "imitateOverworldBehaviour": false,
    "portalFrame": {
      "value": "CUSTOM:PortalBlockon"
    },
    "portalParticles": {
      "value": "CUSTOM:PortalParticle"
    },
    "portalLuminance": 10,
    "portalSound": {
      "value": "block.portal.ambient"
    },
    "enableIgniter": true,
    "igniterName": "Other World Portal Igniter",
    "igniterRarity": "COMMON",
    "specialInformation": {
      "fixedValue": []
    },
    "igniterTab": {
      "value": "CUSTOM:OtherWorldItems"
    },
    "texture": "portal_igniter",
    "portalTexture": "portal",
    "enablePortal": true
  }
}