{
  "_fv": 60,
  "_type": "item",
  "definition": {
    "renderType": 0,
    "texture": "other_world_empy_fragment",
    "customModelName": "Normal",
    "customProperties": {},
    "states": [],
    "name": "Other World Fragment",
    "rarity": "RARE",
    "creativeTab": {
      "value": "CUSTOM:OtherWorldItems"
    },
    "stackSize": 64,
    "enchantability": 0,
    "useDuration": 0,
    "toolType": 1.0,
    "damageCount": 2,
    "recipeRemainder": {
      "value": ""
    },
    "destroyAnyBlock": false,
    "immuneToFire": false,
    "stayInGridWhenCrafting": false,
    "damageOnCrafting": false,
    "enableMeleeDamage": false,
    "damageVsEntity": 0.0,
    "specialInformation": {
      "fixedValue": []
    },
    "glowCondition": {
      "fixedValue": true
    },
    "guiBoundTo": "<NONE>",
    "inventorySize": 9,
    "inventoryStackSize": 64,
    "enableRanged": false,
    "shootConstantly": false,
    "isFood": false,
    "nutritionalValue": 0,
    "saturation": 0.30000001192092896,
    "isMeat": false,
    "isAlwaysEdible": false,
    "animation": "eat"
  }
}