{
  "_fv": 60,
  "_type": "recipe",
  "definition": {
    "recipeType": "Crafting",
    "recipeRetstackSize": 2,
    "group": "",
    "cookingBookCategory": "MISC",
    "xpReward": 0.0,
    "cookingTime": 200,
    "craftingBookCategory": "MISC",
    "recipeShapeless": false,
    "recipeSlots": [
      {
        "value": "Blocks.SOUL_SAND"
      },
      {
        "value": "Blocks.SOUL_SOIL"
      },
      {
        "value": "Blocks.SOUL_SAND"
      },
      {
        "value": "Items.BLAZE_POWDER"
      },
      {
        "value": "Items.HEART_OF_THE_SEA"
      },
      {
        "value": "Items.BLAZE_POWDER"
      },
      {
        "value": "Blocks.SOUL_SAND"
      },
      {
        "value": "Items.GHAST_TEAR"
      },
      {
        "value": "Blocks.SOUL_SAND"
      }
    ],
    "recipeReturnStack": {
      "value": "CUSTOM:Soul"
    },
    "name": "soulrecipe",
    "namespace": "mod"
  }
}